Target,Target_Namespace,Target_Type,Target_Method,Job_Id,Job_AnalyzeLaunchVariance,Job_EvaluateOverhead,Job_MaxAbsoluteError,Job_MaxRelativeError,Job_MinInvokeCount,Job_MinIterationTime,Job_OutlierMode,Job_Affinity,Job_EnvironmentVariables,Job_Jit,Job_Platform,Job_Runtime,Job_AllowVeryLargeObjects,Job_Concurrent,Job_CpuGroups,Job_Force,Job_HeapAffinitizeMask,Job_HeapCount,Job_NoAffinitize,Job_RetainVm,Job_Server,Job_Arguments,Job_BuildConfiguration,Job_Clock,Job_EngineFactory,Job_NuGetReferences,Job_Toolchain,Job_IsMutator,Job_InvocationCount,Job_IterationCount,Job_IterationTime,Job_LaunchCount,Job_MaxIterationCount,Job_MaxWarmupIterationCount,Job_MinIterationCount,Job_MinWarmupIterationCount,Job_RunStrategy,Job_UnrollFactor,Job_WarmupCount,Job_Display,Params,Measurement_LaunchIndex,Measurement_IterationMode,Measurement_IterationStage,Measurement_IterationIndex,Measurement_Nanoseconds,Measurement_Operations,Measurement_Value
ISOUtilsTest.PU1STB,ISO8583NetBenchmark,ISOUtilsTest,PU1STB,MonitoringJob,Default,Default,Default,Default,Default,Default,Default,Default,Default,Default,Default,Default,Default,Default,Default,Default,Default,Default,Default,Default,Default,Default,Default,Default,Default,Default,Default,Default,Default,20,Default,Default,Default,Default,Default,Default,Throughput,Default,Default,"MonitoringJob(IterationCount=20, RunStrategy=Throughput)",,1,Overhead,Jitting,1,468600,1,468600
ISOUtilsTest.PU1STB,ISO8583NetBenchmark,ISOUtilsTest,PU1STB,MonitoringJob,Default,Default,Default,Default,Default,Default,Default,Default,Default,Default,Default,Default,Default,Default,Default,Default,Default,Default,Default,Default,Default,Default,Default,Default,Default,Default,Default,Default,Default,20,Default,Default,Default,Default,Default,Default,Throughput,Default,Default,"MonitoringJob(IterationCount=20, RunStrategy=Throughput)",,1,Workload,Jitting,1,17466400,1,17466400
ISOUtilsTest.PU1STB,ISO8583NetBenchmark,ISOUtilsTest,PU1STB,MonitoringJob,Default,Default,Default,Default,Default,Default,Default,Default,Default,Default,Default,Default,Default,Default,Default,Default,Default,Default,Default,Default,Default,Default,Default,Default,Default,Default,Default,Default,Default,20,Default,Default,Default,Default,Default,Default,Throughput,Default,Default,"MonitoringJob(IterationCount=20, RunStrategy=Throughput)",,1,Overhead,Jitting,2,298700,16,18668.75
ISOUtilsTest.PU1STB,ISO8583NetBenchmark,ISOUtilsTest,PU1STB,MonitoringJob,Default,Default,Default,Default,Default,Default,Default,Default,Default,Default,Default,Default,Default,Default,Default,Default,Default,Default,Default,Default,Default,Default,Default,Default,Default,Default,Default,Default,Default,20,Default,Default,Default,Default,Default,Default,Throughput,Default,Default,"MonitoringJob(IterationCount=20, RunStrategy=Throughput)",,1,Workload,Jitting,2,378200,16,23637.5
ISOUtilsTest.PU1STB,ISO8583NetBenchmark,ISOUtilsTest,PU1STB,MonitoringJob,Default,Default,Default,Default,Default,Default,Default,Default,Default,Default,Default,Default,Default,Default,Default,Default,Default,Default,Default,Default,Default,Default,Default,Default,Default,Default,Default,Default,Default,20,Default,Default,Default,Default,Default,Default,Throughput,Default,Default,"MonitoringJob(IterationCount=20, RunStrategy=Throughput)",,1,Workload,Pilot,1,83400,16,5212.5
ISOUtilsTest.PU1STB,ISO8583NetBenchmark,ISOUtilsTest,PU1STB,MonitoringJob,Default,Default,Default,Default,Default,Default,Default,Default,Default,Default,Default,Default,Default,Default,Default,Default,Default,Default,Default,Default,Default,Default,Default,Default,Default,Default,Default,Default,Default,20,Default,Default,Default,Default,Default,Default,Throughput,Default,Default,"MonitoringJob(IterationCount=20, RunStrategy=Throughput)",,1,Workload,Pilot,2,230400,32,7200
ISOUtilsTest.PU1STB,ISO8583NetBenchmark,ISOUtilsTest,PU1STB,MonitoringJob,Default,Default,Default,Default,Default,Default,Default,Default,Default,Default,Default,Default,Default,Default,Default,Default,Default,Default,Default,Default,Default,Default,Default,Default,Default,Default,Default,Default,Default,20,Default,Default,Default,Default,Default,Default,Throughput,Default,Default,"MonitoringJob(IterationCount=20, RunStrategy=Throughput)",,1,Workload,Pilot,3,406300,64,6348.44
ISOUtilsTest.PU1STB,ISO8583NetBenchmark,ISOUtilsTest,PU1STB,MonitoringJob,Default,Default,Default,Default,Default,Default,Default,Default,Default,Default,Default,Default,Default,Default,Default,Default,Default,Default,Default,Default,Default,Default,Default,Default,Default,Default,Default,Default,Default,20,Default,Default,Default,Default,Default,Default,Throughput,Default,Default,"MonitoringJob(IterationCount=20, RunStrategy=Throughput)",,1,Workload,Pilot,4,880900,128,6882.03
ISOUtilsTest.PU1STB,ISO8583NetBenchmark,ISOUtilsTest,PU1STB,MonitoringJob,Default,Default,Default,Default,Default,Default,Default,Default,Default,Default,Default,Default,Default,Default,Default,Default,Default,Default,Default,Default,Default,Default,Default,Default,Default,Default,Default,Default,Default,20,Default,Default,Default,Default,Default,Default,Throughput,Default,Default,"MonitoringJob(IterationCount=20, RunStrategy=Throughput)",,1,Workload,Pilot,5,1990900,256,7776.95
ISOUtilsTest.PU1STB,ISO8583NetBenchmark,ISOUtilsTest,PU1STB,MonitoringJob,Default,Default,Default,Default,Default,Default,Default,Default,Default,Default,Default,Default,Default,Default,Default,Default,Default,Default,Default,Default,Default,Default,Default,Default,Default,Default,Default,Default,Default,20,Default,Default,Default,Default,Default,Default,Throughput,Default,Default,"MonitoringJob(IterationCount=20, RunStrategy=Throughput)",,1,Workload,Pilot,6,2714000,512,5300.78
ISOUtilsTest.PU1STB,ISO8583NetBenchmark,ISOUtilsTest,PU1STB,MonitoringJob,Default,Default,Default,Default,Default,Default,Default,Default,Default,Default,Default,Default,Default,Default,Default,Default,Default,Default,Default,Default,Default,Default,Default,Default,Default,Default,Default,Default,Default,20,Default,Default,Default,Default,Default,Default,Throughput,Default,Default,"MonitoringJob(IterationCount=20, RunStrategy=Throughput)",,1,Workload,Pilot,7,4302000,1024,4201.17
ISOUtilsTest.PU1STB,ISO8583NetBenchmark,ISOUtilsTest,PU1STB,MonitoringJob,Default,Default,Default,Default,Default,Default,Default,Default,Default,Default,Default,Default,Default,Default,Default,Default,Default,Default,Default,Default,Default,Default,Default,Default,Default,Default,Default,Default,Default,20,Default,Default,Default,Default,Default,Default,Throughput,Default,Default,"MonitoringJob(IterationCount=20, RunStrategy=Throughput)",,1,Workload,Pilot,8,10772500,2048,5260.01
ISOUtilsTest.PU1STB,ISO8583NetBenchmark,ISOUtilsTest,PU1STB,MonitoringJob,Default,Default,Default,Default,Default,Default,Default,Default,Default,Default,Default,Default,Default,Default,Default,Default,Default,Default,Default,Default,Default,Default,Default,Default,Default,Default,Default,Default,Default,20,Default,Default,Default,Default,Default,Default,Throughput,Default,Default,"MonitoringJob(IterationCount=20, RunStrategy=Throughput)",,1,Workload,Pilot,9,19247000,4096,4698.97
ISOUtilsTest.PU1STB,ISO8583NetBenchmark,ISOUtilsTest,PU1STB,MonitoringJob,Default,Default,Default,Default,Default,Default,Default,Default,Default,Default,Default,Default,Default,Default,Default,Default,Default,Default,Default,Default,Default,Default,Default,Default,Default,Default,Default,Default,Default,20,Default,Default,Default,Default,Default,Default,Throughput,Default,Default,"MonitoringJob(IterationCount=20, RunStrategy=Throughput)",,1,Workload,Pilot,10,36497100,8192,4455.21
ISOUtilsTest.PU1STB,ISO8583NetBenchmark,ISOUtilsTest,PU1STB,MonitoringJob,Default,Default,Default,Default,Default,Default,Default,Default,Default,Default,Default,Default,Default,Default,Default,Default,Default,Default,Default,Default,Default,Default,Default,Default,Default,Default,Default,Default,Default,20,Default,Default,Default,Default,Default,Default,Throughput,Default,Default,"MonitoringJob(IterationCount=20, RunStrategy=Throughput)",,1,Workload,Pilot,11,77411500,16384,4724.82
ISOUtilsTest.PU1STB,ISO8583NetBenchmark,ISOUtilsTest,PU1STB,MonitoringJob,Default,Default,Default,Default,Default,Default,Default,Default,Default,Default,Default,Default,Default,Default,Default,Default,Default,Default,Default,Default,Default,Default,Default,Default,Default,Default,Default,Default,Default,20,Default,Default,Default,Default,Default,Default,Throughput,Default,Default,"MonitoringJob(IterationCount=20, RunStrategy=Throughput)",,1,Workload,Pilot,12,150946500,32768,4606.52
ISOUtilsTest.PU1STB,ISO8583NetBenchmark,ISOUtilsTest,PU1STB,MonitoringJob,Default,Default,Default,Default,Default,Default,Default,Default,Default,Default,Default,Default,Default,Default,Default,Default,Default,Default,Default,Default,Default,Default,Default,Default,Default,Default,Default,Default,Default,20,Default,Default,Default,Default,Default,Default,Throughput,Default,Default,"MonitoringJob(IterationCount=20, RunStrategy=Throughput)",,1,Workload,Pilot,13,323343000,65536,4933.82
ISOUtilsTest.PU1STB,ISO8583NetBenchmark,ISOUtilsTest,PU1STB,MonitoringJob,Default,Default,Default,Default,Default,Default,Default,Default,Default,Default,Default,Default,Default,Default,Default,Default,Default,Default,Default,Default,Default,Default,Default,Default,Default,Default,Default,Default,Default,20,Default,Default,Default,Default,Default,Default,Throughput,Default,Default,"MonitoringJob(IterationCount=20, RunStrategy=Throughput)",,1,Workload,Pilot,14,628857600,131072,4797.8
ISOUtilsTest.PU1STB,ISO8583NetBenchmark,ISOUtilsTest,PU1STB,MonitoringJob,Default,Default,Default,Default,Default,Default,Default,Default,Default,Default,Default,Default,Default,Default,Default,Default,Default,Default,Default,Default,Default,Default,Default,Default,Default,Default,Default,Default,Default,20,Default,Default,Default,Default,Default,Default,Throughput,Default,Default,"MonitoringJob(IterationCount=20, RunStrategy=Throughput)",,1,Overhead,Warmup,1,246000,131072,1.88
ISOUtilsTest.PU1STB,ISO8583NetBenchmark,ISOUtilsTest,PU1STB,MonitoringJob,Default,Default,Default,Default,Default,Default,Default,Default,Default,Default,Default,Default,Default,Default,Default,Default,Default,Default,Default,Default,Default,Default,Default,Default,Default,Default,Default,Default,Default,20,Default,Default,Default,Default,Default,Default,Throughput,Default,Default,"MonitoringJob(IterationCount=20, RunStrategy=Throughput)",,1,Overhead,Warmup,2,353900,131072,2.7
ISOUtilsTest.PU1STB,ISO8583NetBenchmark,ISOUtilsTest,PU1STB,MonitoringJob,Default,Default,Default,Default,Default,Default,Default,Default,Default,Default,Default,Default,Default,Default,Default,Default,Default,Default,Default,Default,Default,Default,Default,Default,Default,Default,Default,Default,Default,20,Default,Default,Default,Default,Default,Default,Throughput,Default,Default,"MonitoringJob(IterationCount=20, RunStrategy=Throughput)",,1,Overhead,Warmup,3,254700,131072,1.94
ISOUtilsTest.PU1STB,ISO8583NetBenchmark,ISOUtilsTest,PU1STB,MonitoringJob,Default,Default,Default,Default,Default,Default,Default,Default,Default,Default,Default,Default,Default,Default,Default,Default,Default,Default,Default,Default,Default,Default,Default,Default,Default,Default,Default,Default,Default,20,Default,Default,Default,Default,Default,Default,Throughput,Default,Default,"MonitoringJob(IterationCount=20, RunStrategy=Throughput)",,1,Overhead,Warmup,4,244200,131072,1.86
ISOUtilsTest.PU1STB,ISO8583NetBenchmark,ISOUtilsTest,PU1STB,MonitoringJob,Default,Default,Default,Default,Default,Default,Default,Default,Default,Default,Default,Default,Default,Default,Default,Default,Default,Default,Default,Default,Default,Default,Default,Default,Default,Default,Default,Default,Default,20,Default,Default,Default,Default,Default,Default,Throughput,Default,Default,"MonitoringJob(IterationCount=20, RunStrategy=Throughput)",,1,Overhead,Warmup,5,319100,131072,2.43
ISOUtilsTest.PU1STB,ISO8583NetBenchmark,ISOUtilsTest,PU1STB,MonitoringJob,Default,Default,Default,Default,Default,Default,Default,Default,Default,Default,Default,Default,Default,Default,Default,Default,Default,Default,Default,Default,Default,Default,Default,Default,Default,Default,Default,Default,Default,20,Default,Default,Default,Default,Default,Default,Throughput,Default,Default,"MonitoringJob(IterationCount=20, RunStrategy=Throughput)",,1,Overhead,Warmup,6,244200,131072,1.86
ISOUtilsTest.PU1STB,ISO8583NetBenchmark,ISOUtilsTest,PU1STB,MonitoringJob,Default,Default,Default,Default,Default,Default,Default,Default,Default,Default,Default,Default,Default,Default,Default,Default,Default,Default,Default,Default,Default,Default,Default,Default,Default,Default,Default,Default,Default,20,Default,Default,Default,Default,Default,Default,Throughput,Default,Default,"MonitoringJob(IterationCount=20, RunStrategy=Throughput)",,1,Overhead,Actual,1,314700,131072,2.4
ISOUtilsTest.PU1STB,ISO8583NetBenchmark,ISOUtilsTest,PU1STB,MonitoringJob,Default,Default,Default,Default,Default,Default,Default,Default,Default,Default,Default,Default,Default,Default,Default,Default,Default,Default,Default,Default,Default,Default,Default,Default,Default,Default,Default,Default,Default,20,Default,Default,Default,Default,Default,Default,Throughput,Default,Default,"MonitoringJob(IterationCount=20, RunStrategy=Throughput)",,1,Overhead,Actual,2,246900,131072,1.88
ISOUtilsTest.PU1STB,ISO8583NetBenchmark,ISOUtilsTest,PU1STB,MonitoringJob,Default,Default,Default,Default,Default,Default,Default,Default,Default,Default,Default,Default,Default,Default,Default,Default,Default,Default,Default,Default,Default,Default,Default,Default,Default,Default,Default,Default,Default,20,Default,Default,Default,Default,Default,Default,Throughput,Default,Default,"MonitoringJob(IterationCount=20, RunStrategy=Throughput)",,1,Overhead,Actual,3,470900,131072,3.59
ISOUtilsTest.PU1STB,ISO8583NetBenchmark,ISOUtilsTest,PU1STB,MonitoringJob,Default,Default,Default,Default,Default,Default,Default,Default,Default,Default,Default,Default,Default,Default,Default,Default,Default,Default,Default,Default,Default,Default,Default,Default,Default,Default,Default,Default,Default,20,Default,Default,Default,Default,Default,Default,Throughput,Default,Default,"MonitoringJob(IterationCount=20, RunStrategy=Throughput)",,1,Overhead,Actual,4,313200,131072,2.39
ISOUtilsTest.PU1STB,ISO8583NetBenchmark,ISOUtilsTest,PU1STB,MonitoringJob,Default,Default,Default,Default,Default,Default,Default,Default,Default,Default,Default,Default,Default,Default,Default,Default,Default,Default,Default,Default,Default,Default,Default,Default,Default,Default,Default,Default,Default,20,Default,Default,Default,Default,Default,Default,Throughput,Default,Default,"MonitoringJob(IterationCount=20, RunStrategy=Throughput)",,1,Overhead,Actual,5,307900,131072,2.35
ISOUtilsTest.PU1STB,ISO8583NetBenchmark,ISOUtilsTest,PU1STB,MonitoringJob,Default,Default,Default,Default,Default,Default,Default,Default,Default,Default,Default,Default,Default,Default,Default,Default,Default,Default,Default,Default,Default,Default,Default,Default,Default,Default,Default,Default,Default,20,Default,Default,Default,Default,Default,Default,Throughput,Default,Default,"MonitoringJob(IterationCount=20, RunStrategy=Throughput)",,1,Overhead,Actual,6,257600,131072,1.97
ISOUtilsTest.PU1STB,ISO8583NetBenchmark,ISOUtilsTest,PU1STB,MonitoringJob,Default,Default,Default,Default,Default,Default,Default,Default,Default,Default,Default,Default,Default,Default,Default,Default,Default,Default,Default,Default,Default,Default,Default,Default,Default,Default,Default,Default,Default,20,Default,Default,Default,Default,Default,Default,Throughput,Default,Default,"MonitoringJob(IterationCount=20, RunStrategy=Throughput)",,1,Overhead,Actual,7,337300,131072,2.57
ISOUtilsTest.PU1STB,ISO8583NetBenchmark,ISOUtilsTest,PU1STB,MonitoringJob,Default,Default,Default,Default,Default,Default,Default,Default,Default,Default,Default,Default,Default,Default,Default,Default,Default,Default,Default,Default,Default,Default,Default,Default,Default,Default,Default,Default,Default,20,Default,Default,Default,Default,Default,Default,Throughput,Default,Default,"MonitoringJob(IterationCount=20, RunStrategy=Throughput)",,1,Overhead,Actual,8,305500,131072,2.33
ISOUtilsTest.PU1STB,ISO8583NetBenchmark,ISOUtilsTest,PU1STB,MonitoringJob,Default,Default,Default,Default,Default,Default,Default,Default,Default,Default,Default,Default,Default,Default,Default,Default,Default,Default,Default,Default,Default,Default,Default,Default,Default,Default,Default,Default,Default,20,Default,Default,Default,Default,Default,Default,Throughput,Default,Default,"MonitoringJob(IterationCount=20, RunStrategy=Throughput)",,1,Overhead,Actual,9,246800,131072,1.88
ISOUtilsTest.PU1STB,ISO8583NetBenchmark,ISOUtilsTest,PU1STB,MonitoringJob,Default,Default,Default,Default,Default,Default,Default,Default,Default,Default,Default,Default,Default,Default,Default,Default,Default,Default,Default,Default,Default,Default,Default,Default,Default,Default,Default,Default,Default,20,Default,Default,Default,Default,Default,Default,Throughput,Default,Default,"MonitoringJob(IterationCount=20, RunStrategy=Throughput)",,1,Overhead,Actual,10,297400,131072,2.27
ISOUtilsTest.PU1STB,ISO8583NetBenchmark,ISOUtilsTest,PU1STB,MonitoringJob,Default,Default,Default,Default,Default,Default,Default,Default,Default,Default,Default,Default,Default,Default,Default,Default,Default,Default,Default,Default,Default,Default,Default,Default,Default,Default,Default,Default,Default,20,Default,Default,Default,Default,Default,Default,Throughput,Default,Default,"MonitoringJob(IterationCount=20, RunStrategy=Throughput)",,1,Overhead,Actual,11,303300,131072,2.31
ISOUtilsTest.PU1STB,ISO8583NetBenchmark,ISOUtilsTest,PU1STB,MonitoringJob,Default,Default,Default,Default,Default,Default,Default,Default,Default,Default,Default,Default,Default,Default,Default,Default,Default,Default,Default,Default,Default,Default,Default,Default,Default,Default,Default,Default,Default,20,Default,Default,Default,Default,Default,Default,Throughput,Default,Default,"MonitoringJob(IterationCount=20, RunStrategy=Throughput)",,1,Overhead,Actual,12,790600,131072,6.03
ISOUtilsTest.PU1STB,ISO8583NetBenchmark,ISOUtilsTest,PU1STB,MonitoringJob,Default,Default,Default,Default,Default,Default,Default,Default,Default,Default,Default,Default,Default,Default,Default,Default,Default,Default,Default,Default,Default,Default,Default,Default,Default,Default,Default,Default,Default,20,Default,Default,Default,Default,Default,Default,Throughput,Default,Default,"MonitoringJob(IterationCount=20, RunStrategy=Throughput)",,1,Overhead,Actual,13,331300,131072,2.53
ISOUtilsTest.PU1STB,ISO8583NetBenchmark,ISOUtilsTest,PU1STB,MonitoringJob,Default,Default,Default,Default,Default,Default,Default,Default,Default,Default,Default,Default,Default,Default,Default,Default,Default,Default,Default,Default,Default,Default,Default,Default,Default,Default,Default,Default,Default,20,Default,Default,Default,Default,Default,Default,Throughput,Default,Default,"MonitoringJob(IterationCount=20, RunStrategy=Throughput)",,1,Overhead,Actual,14,293400,131072,2.24
ISOUtilsTest.PU1STB,ISO8583NetBenchmark,ISOUtilsTest,PU1STB,MonitoringJob,Default,Default,Default,Default,Default,Default,Default,Default,Default,Default,Default,Default,Default,Default,Default,Default,Default,Default,Default,Default,Default,Default,Default,Default,Default,Default,Default,Default,Default,20,Default,Default,Default,Default,Default,Default,Throughput,Default,Default,"MonitoringJob(IterationCount=20, RunStrategy=Throughput)",,1,Overhead,Actual,15,305900,131072,2.33
ISOUtilsTest.PU1STB,ISO8583NetBenchmark,ISOUtilsTest,PU1STB,MonitoringJob,Default,Default,Default,Default,Default,Default,Default,Default,Default,Default,Default,Default,Default,Default,Default,Default,Default,Default,Default,Default,Default,Default,Default,Default,Default,Default,Default,Default,Default,20,Default,Default,Default,Default,Default,Default,Throughput,Default,Default,"MonitoringJob(IterationCount=20, RunStrategy=Throughput)",,1,Overhead,Actual,16,301700,131072,2.3
ISOUtilsTest.PU1STB,ISO8583NetBenchmark,ISOUtilsTest,PU1STB,MonitoringJob,Default,Default,Default,Default,Default,Default,Default,Default,Default,Default,Default,Default,Default,Default,Default,Default,Default,Default,Default,Default,Default,Default,Default,Default,Default,Default,Default,Default,Default,20,Default,Default,Default,Default,Default,Default,Throughput,Default,Default,"MonitoringJob(IterationCount=20, RunStrategy=Throughput)",,1,Overhead,Actual,17,304800,131072,2.33
ISOUtilsTest.PU1STB,ISO8583NetBenchmark,ISOUtilsTest,PU1STB,MonitoringJob,Default,Default,Default,Default,Default,Default,Default,Default,Default,Default,Default,Default,Default,Default,Default,Default,Default,Default,Default,Default,Default,Default,Default,Default,Default,Default,Default,Default,Default,20,Default,Default,Default,Default,Default,Default,Throughput,Default,Default,"MonitoringJob(IterationCount=20, RunStrategy=Throughput)",,1,Overhead,Actual,18,269400,131072,2.06
ISOUtilsTest.PU1STB,ISO8583NetBenchmark,ISOUtilsTest,PU1STB,MonitoringJob,Default,Default,Default,Default,Default,Default,Default,Default,Default,Default,Default,Default,Default,Default,Default,Default,Default,Default,Default,Default,Default,Default,Default,Default,Default,Default,Default,Default,Default,20,Default,Default,Default,Default,Default,Default,Throughput,Default,Default,"MonitoringJob(IterationCount=20, RunStrategy=Throughput)",,1,Overhead,Actual,19,244200,131072,1.86
ISOUtilsTest.PU1STB,ISO8583NetBenchmark,ISOUtilsTest,PU1STB,MonitoringJob,Default,Default,Default,Default,Default,Default,Default,Default,Default,Default,Default,Default,Default,Default,Default,Default,Default,Default,Default,Default,Default,Default,Default,Default,Default,Default,Default,Default,Default,20,Default,Default,Default,Default,Default,Default,Throughput,Default,Default,"MonitoringJob(IterationCount=20, RunStrategy=Throughput)",,1,Overhead,Actual,20,300300,131072,2.29
ISOUtilsTest.PU1STB,ISO8583NetBenchmark,ISOUtilsTest,PU1STB,MonitoringJob,Default,Default,Default,Default,Default,Default,Default,Default,Default,Default,Default,Default,Default,Default,Default,Default,Default,Default,Default,Default,Default,Default,Default,Default,Default,Default,Default,Default,Default,20,Default,Default,Default,Default,Default,Default,Throughput,Default,Default,"MonitoringJob(IterationCount=20, RunStrategy=Throughput)",,1,Workload,Warmup,1,663000100,131072,5058.29
ISOUtilsTest.PU1STB,ISO8583NetBenchmark,ISOUtilsTest,PU1STB,MonitoringJob,Default,Default,Default,Default,Default,Default,Default,Default,Default,Default,Default,Default,Default,Default,Default,Default,Default,Default,Default,Default,Default,Default,Default,Default,Default,Default,Default,Default,Default,20,Default,Default,Default,Default,Default,Default,Throughput,Default,Default,"MonitoringJob(IterationCount=20, RunStrategy=Throughput)",,1,Workload,Warmup,2,654657000,131072,4994.64
ISOUtilsTest.PU1STB,ISO8583NetBenchmark,ISOUtilsTest,PU1STB,MonitoringJob,Default,Default,Default,Default,Default,Default,Default,Default,Default,Default,Default,Default,Default,Default,Default,Default,Default,Default,Default,Default,Default,Default,Default,Default,Default,Default,Default,Default,Default,20,Default,Default,Default,Default,Default,Default,Throughput,Default,Default,"MonitoringJob(IterationCount=20, RunStrategy=Throughput)",,1,Workload,Warmup,3,624182700,131072,4762.14
ISOUtilsTest.PU1STB,ISO8583NetBenchmark,ISOUtilsTest,PU1STB,MonitoringJob,Default,Default,Default,Default,Default,Default,Default,Default,Default,Default,Default,Default,Default,Default,Default,Default,Default,Default,Default,Default,Default,Default,Default,Default,Default,Default,Default,Default,Default,20,Default,Default,Default,Default,Default,Default,Throughput,Default,Default,"MonitoringJob(IterationCount=20, RunStrategy=Throughput)",,1,Workload,Warmup,4,608080100,131072,4639.28
ISOUtilsTest.PU1STB,ISO8583NetBenchmark,ISOUtilsTest,PU1STB,MonitoringJob,Default,Default,Default,Default,Default,Default,Default,Default,Default,Default,Default,Default,Default,Default,Default,Default,Default,Default,Default,Default,Default,Default,Default,Default,Default,Default,Default,Default,Default,20,Default,Default,Default,Default,Default,Default,Throughput,Default,Default,"MonitoringJob(IterationCount=20, RunStrategy=Throughput)",,1,Workload,Warmup,5,630103000,131072,4807.3
ISOUtilsTest.PU1STB,ISO8583NetBenchmark,ISOUtilsTest,PU1STB,MonitoringJob,Default,Default,Default,Default,Default,Default,Default,Default,Default,Default,Default,Default,Default,Default,Default,Default,Default,Default,Default,Default,Default,Default,Default,Default,Default,Default,Default,Default,Default,20,Default,Default,Default,Default,Default,Default,Throughput,Default,Default,"MonitoringJob(IterationCount=20, RunStrategy=Throughput)",,1,Workload,Warmup,6,592411100,131072,4519.74
ISOUtilsTest.PU1STB,ISO8583NetBenchmark,ISOUtilsTest,PU1STB,MonitoringJob,Default,Default,Default,Default,Default,Default,Default,Default,Default,Default,Default,Default,Default,Default,Default,Default,Default,Default,Default,Default,Default,Default,Default,Default,Default,Default,Default,Default,Default,20,Default,Default,Default,Default,Default,Default,Throughput,Default,Default,"MonitoringJob(IterationCount=20, RunStrategy=Throughput)",,1,Workload,Warmup,7,631449900,131072,4817.58
ISOUtilsTest.PU1STB,ISO8583NetBenchmark,ISOUtilsTest,PU1STB,MonitoringJob,Default,Default,Default,Default,Default,Default,Default,Default,Default,Default,Default,Default,Default,Default,Default,Default,Default,Default,Default,Default,Default,Default,Default,Default,Default,Default,Default,Default,Default,20,Default,Default,Default,Default,Default,Default,Throughput,Default,Default,"MonitoringJob(IterationCount=20, RunStrategy=Throughput)",,1,Workload,Warmup,8,614887300,131072,4691.22
ISOUtilsTest.PU1STB,ISO8583NetBenchmark,ISOUtilsTest,PU1STB,MonitoringJob,Default,Default,Default,Default,Default,Default,Default,Default,Default,Default,Default,Default,Default,Default,Default,Default,Default,Default,Default,Default,Default,Default,Default,Default,Default,Default,Default,Default,Default,20,Default,Default,Default,Default,Default,Default,Throughput,Default,Default,"MonitoringJob(IterationCount=20, RunStrategy=Throughput)",,1,Workload,Actual,1,598150900,131072,4563.53
ISOUtilsTest.PU1STB,ISO8583NetBenchmark,ISOUtilsTest,PU1STB,MonitoringJob,Default,Default,Default,Default,Default,Default,Default,Default,Default,Default,Default,Default,Default,Default,Default,Default,Default,Default,Default,Default,Default,Default,Default,Default,Default,Default,Default,Default,Default,20,Default,Default,Default,Default,Default,Default,Throughput,Default,Default,"MonitoringJob(IterationCount=20, RunStrategy=Throughput)",,1,Workload,Actual,2,584272600,131072,4457.65
ISOUtilsTest.PU1STB,ISO8583NetBenchmark,ISOUtilsTest,PU1STB,MonitoringJob,Default,Default,Default,Default,Default,Default,Default,Default,Default,Default,Default,Default,Default,Default,Default,Default,Default,Default,Default,Default,Default,Default,Default,Default,Default,Default,Default,Default,Default,20,Default,Default,Default,Default,Default,Default,Throughput,Default,Default,"MonitoringJob(IterationCount=20, RunStrategy=Throughput)",,1,Workload,Actual,3,579324600,131072,4419.9
ISOUtilsTest.PU1STB,ISO8583NetBenchmark,ISOUtilsTest,PU1STB,MonitoringJob,Default,Default,Default,Default,Default,Default,Default,Default,Default,Default,Default,Default,Default,Default,Default,Default,Default,Default,Default,Default,Default,Default,Default,Default,Default,Default,Default,Default,Default,20,Default,Default,Default,Default,Default,Default,Throughput,Default,Default,"MonitoringJob(IterationCount=20, RunStrategy=Throughput)",,1,Workload,Actual,4,568558400,131072,4337.76
ISOUtilsTest.PU1STB,ISO8583NetBenchmark,ISOUtilsTest,PU1STB,MonitoringJob,Default,Default,Default,Default,Default,Default,Default,Default,Default,Default,Default,Default,Default,Default,Default,Default,Default,Default,Default,Default,Default,Default,Default,Default,Default,Default,Default,Default,Default,20,Default,Default,Default,Default,Default,Default,Throughput,Default,Default,"MonitoringJob(IterationCount=20, RunStrategy=Throughput)",,1,Workload,Actual,5,579646600,131072,4422.35
ISOUtilsTest.PU1STB,ISO8583NetBenchmark,ISOUtilsTest,PU1STB,MonitoringJob,Default,Default,Default,Default,Default,Default,Default,Default,Default,Default,Default,Default,Default,Default,Default,Default,Default,Default,Default,Default,Default,Default,Default,Default,Default,Default,Default,Default,Default,20,Default,Default,Default,Default,Default,Default,Throughput,Default,Default,"MonitoringJob(IterationCount=20, RunStrategy=Throughput)",,1,Workload,Actual,6,580757900,131072,4430.83
ISOUtilsTest.PU1STB,ISO8583NetBenchmark,ISOUtilsTest,PU1STB,MonitoringJob,Default,Default,Default,Default,Default,Default,Default,Default,Default,Default,Default,Default,Default,Default,Default,Default,Default,Default,Default,Default,Default,Default,Default,Default,Default,Default,Default,Default,Default,20,Default,Default,Default,Default,Default,Default,Throughput,Default,Default,"MonitoringJob(IterationCount=20, RunStrategy=Throughput)",,1,Workload,Actual,7,595939000,131072,4546.65
ISOUtilsTest.PU1STB,ISO8583NetBenchmark,ISOUtilsTest,PU1STB,MonitoringJob,Default,Default,Default,Default,Default,Default,Default,Default,Default,Default,Default,Default,Default,Default,Default,Default,Default,Default,Default,Default,Default,Default,Default,Default,Default,Default,Default,Default,Default,20,Default,Default,Default,Default,Default,Default,Throughput,Default,Default,"MonitoringJob(IterationCount=20, RunStrategy=Throughput)",,1,Workload,Actual,8,566514100,131072,4322.16
ISOUtilsTest.PU1STB,ISO8583NetBenchmark,ISOUtilsTest,PU1STB,MonitoringJob,Default,Default,Default,Default,Default,Default,Default,Default,Default,Default,Default,Default,Default,Default,Default,Default,Default,Default,Default,Default,Default,Default,Default,Default,Default,Default,Default,Default,Default,20,Default,Default,Default,Default,Default,Default,Throughput,Default,Default,"MonitoringJob(IterationCount=20, RunStrategy=Throughput)",,1,Workload,Actual,9,587992200,131072,4486.02
ISOUtilsTest.PU1STB,ISO8583NetBenchmark,ISOUtilsTest,PU1STB,MonitoringJob,Default,Default,Default,Default,Default,Default,Default,Default,Default,Default,Default,Default,Default,Default,Default,Default,Default,Default,Default,Default,Default,Default,Default,Default,Default,Default,Default,Default,Default,20,Default,Default,Default,Default,Default,Default,Throughput,Default,Default,"MonitoringJob(IterationCount=20, RunStrategy=Throughput)",,1,Workload,Actual,10,565868000,131072,4317.23
ISOUtilsTest.PU1STB,ISO8583NetBenchmark,ISOUtilsTest,PU1STB,MonitoringJob,Default,Default,Default,Default,Default,Default,Default,Default,Default,Default,Default,Default,Default,Default,Default,Default,Default,Default,Default,Default,Default,Default,Default,Default,Default,Default,Default,Default,Default,20,Default,Default,Default,Default,Default,Default,Throughput,Default,Default,"MonitoringJob(IterationCount=20, RunStrategy=Throughput)",,1,Workload,Actual,11,580411100,131072,4428.19
ISOUtilsTest.PU1STB,ISO8583NetBenchmark,ISOUtilsTest,PU1STB,MonitoringJob,Default,Default,Default,Default,Default,Default,Default,Default,Default,Default,Default,Default,Default,Default,Default,Default,Default,Default,Default,Default,Default,Default,Default,Default,Default,Default,Default,Default,Default,20,Default,Default,Default,Default,Default,Default,Throughput,Default,Default,"MonitoringJob(IterationCount=20, RunStrategy=Throughput)",,1,Workload,Actual,12,587411900,131072,4481.6
ISOUtilsTest.PU1STB,ISO8583NetBenchmark,ISOUtilsTest,PU1STB,MonitoringJob,Default,Default,Default,Default,Default,Default,Default,Default,Default,Default,Default,Default,Default,Default,Default,Default,Default,Default,Default,Default,Default,Default,Default,Default,Default,Default,Default,Default,Default,20,Default,Default,Default,Default,Default,Default,Throughput,Default,Default,"MonitoringJob(IterationCount=20, RunStrategy=Throughput)",,1,Workload,Actual,13,582925700,131072,4447.37
ISOUtilsTest.PU1STB,ISO8583NetBenchmark,ISOUtilsTest,PU1STB,MonitoringJob,Default,Default,Default,Default,Default,Default,Default,Default,Default,Default,Default,Default,Default,Default,Default,Default,Default,Default,Default,Default,Default,Default,Default,Default,Default,Default,Default,Default,Default,20,Default,Default,Default,Default,Default,Default,Throughput,Default,Default,"MonitoringJob(IterationCount=20, RunStrategy=Throughput)",,1,Workload,Actual,14,579561600,131072,4421.7
ISOUtilsTest.PU1STB,ISO8583NetBenchmark,ISOUtilsTest,PU1STB,MonitoringJob,Default,Default,Default,Default,Default,Default,Default,Default,Default,Default,Default,Default,Default,Default,Default,Default,Default,Default,Default,Default,Default,Default,Default,Default,Default,Default,Default,Default,Default,20,Default,Default,Default,Default,Default,Default,Throughput,Default,Default,"MonitoringJob(IterationCount=20, RunStrategy=Throughput)",,1,Workload,Actual,15,571676900,131072,4361.55
ISOUtilsTest.PU1STB,ISO8583NetBenchmark,ISOUtilsTest,PU1STB,MonitoringJob,Default,Default,Default,Default,Default,Default,Default,Default,Default,Default,Default,Default,Default,Default,Default,Default,Default,Default,Default,Default,Default,Default,Default,Default,Default,Default,Default,Default,Default,20,Default,Default,Default,Default,Default,Default,Throughput,Default,Default,"MonitoringJob(IterationCount=20, RunStrategy=Throughput)",,1,Workload,Actual,16,595305700,131072,4541.82
ISOUtilsTest.PU1STB,ISO8583NetBenchmark,ISOUtilsTest,PU1STB,MonitoringJob,Default,Default,Default,Default,Default,Default,Default,Default,Default,Default,Default,Default,Default,Default,Default,Default,Default,Default,Default,Default,Default,Default,Default,Default,Default,Default,Default,Default,Default,20,Default,Default,Default,Default,Default,Default,Throughput,Default,Default,"MonitoringJob(IterationCount=20, RunStrategy=Throughput)",,1,Workload,Actual,17,593536700,131072,4528.33
ISOUtilsTest.PU1STB,ISO8583NetBenchmark,ISOUtilsTest,PU1STB,MonitoringJob,Default,Default,Default,Default,Default,Default,Default,Default,Default,Default,Default,Default,Default,Default,Default,Default,Default,Default,Default,Default,Default,Default,Default,Default,Default,Default,Default,Default,Default,20,Default,Default,Default,Default,Default,Default,Throughput,Default,Default,"MonitoringJob(IterationCount=20, RunStrategy=Throughput)",,1,Workload,Actual,18,577642400,131072,4407.06
ISOUtilsTest.PU1STB,ISO8583NetBenchmark,ISOUtilsTest,PU1STB,MonitoringJob,Default,Default,Default,Default,Default,Default,Default,Default,Default,Default,Default,Default,Default,Default,Default,Default,Default,Default,Default,Default,Default,Default,Default,Default,Default,Default,Default,Default,Default,20,Default,Default,Default,Default,Default,Default,Throughput,Default,Default,"MonitoringJob(IterationCount=20, RunStrategy=Throughput)",,1,Workload,Actual,19,569553800,131072,4345.35
ISOUtilsTest.PU1STB,ISO8583NetBenchmark,ISOUtilsTest,PU1STB,MonitoringJob,Default,Default,Default,Default,Default,Default,Default,Default,Default,Default,Default,Default,Default,Default,Default,Default,Default,Default,Default,Default,Default,Default,Default,Default,Default,Default,Default,Default,Default,20,Default,Default,Default,Default,Default,Default,Throughput,Default,Default,"MonitoringJob(IterationCount=20, RunStrategy=Throughput)",,1,Workload,Actual,20,578132500,131072,4410.8
ISOUtilsTest.PU1STB,ISO8583NetBenchmark,ISOUtilsTest,PU1STB,MonitoringJob,Default,Default,Default,Default,Default,Default,Default,Default,Default,Default,Default,Default,Default,Default,Default,Default,Default,Default,Default,Default,Default,Default,Default,Default,Default,Default,Default,Default,Default,20,Default,Default,Default,Default,Default,Default,Throughput,Default,Default,"MonitoringJob(IterationCount=20, RunStrategy=Throughput)",,1,Workload,Result,1,597823745,131072,4561.03
ISOUtilsTest.PU1STB,ISO8583NetBenchmark,ISOUtilsTest,PU1STB,MonitoringJob,Default,Default,Default,Default,Default,Default,Default,Default,Default,Default,Default,Default,Default,Default,Default,Default,Default,Default,Default,Default,Default,Default,Default,Default,Default,Default,Default,Default,Default,20,Default,Default,Default,Default,Default,Default,Throughput,Default,Default,"MonitoringJob(IterationCount=20, RunStrategy=Throughput)",,1,Workload,Result,2,583945445,131072,4455.15
ISOUtilsTest.PU1STB,ISO8583NetBenchmark,ISOUtilsTest,PU1STB,MonitoringJob,Default,Default,Default,Default,Default,Default,Default,Default,Default,Default,Default,Default,Default,Default,Default,Default,Default,Default,Default,Default,Default,Default,Default,Default,Default,Default,Default,Default,Default,20,Default,Default,Default,Default,Default,Default,Throughput,Default,Default,"MonitoringJob(IterationCount=20, RunStrategy=Throughput)",,1,Workload,Result,3,578997445,131072,4417.4
ISOUtilsTest.PU1STB,ISO8583NetBenchmark,ISOUtilsTest,PU1STB,MonitoringJob,Default,Default,Default,Default,Default,Default,Default,Default,Default,Default,Default,Default,Default,Default,Default,Default,Default,Default,Default,Default,Default,Default,Default,Default,Default,Default,Default,Default,Default,20,Default,Default,Default,Default,Default,Default,Throughput,Default,Default,"MonitoringJob(IterationCount=20, RunStrategy=Throughput)",,1,Workload,Result,4,568231245,131072,4335.26
ISOUtilsTest.PU1STB,ISO8583NetBenchmark,ISOUtilsTest,PU1STB,MonitoringJob,Default,Default,Default,Default,Default,Default,Default,Default,Default,Default,Default,Default,Default,Default,Default,Default,Default,Default,Default,Default,Default,Default,Default,Default,Default,Default,Default,Default,Default,20,Default,Default,Default,Default,Default,Default,Throughput,Default,Default,"MonitoringJob(IterationCount=20, RunStrategy=Throughput)",,1,Workload,Result,5,579319445,131072,4419.86
ISOUtilsTest.PU1STB,ISO8583NetBenchmark,ISOUtilsTest,PU1STB,MonitoringJob,Default,Default,Default,Default,Default,Default,Default,Default,Default,Default,Default,Default,Default,Default,Default,Default,Default,Default,Default,Default,Default,Default,Default,Default,Default,Default,Default,Default,Default,20,Default,Default,Default,Default,Default,Default,Throughput,Default,Default,"MonitoringJob(IterationCount=20, RunStrategy=Throughput)",,1,Workload,Result,6,580430745,131072,4428.34
ISOUtilsTest.PU1STB,ISO8583NetBenchmark,ISOUtilsTest,PU1STB,MonitoringJob,Default,Default,Default,Default,Default,Default,Default,Default,Default,Default,Default,Default,Default,Default,Default,Default,Default,Default,Default,Default,Default,Default,Default,Default,Default,Default,Default,Default,Default,20,Default,Default,Default,Default,Default,Default,Throughput,Default,Default,"MonitoringJob(IterationCount=20, RunStrategy=Throughput)",,1,Workload,Result,7,595611845,131072,4544.16
ISOUtilsTest.PU1STB,ISO8583NetBenchmark,ISOUtilsTest,PU1STB,MonitoringJob,Default,Default,Default,Default,Default,Default,Default,Default,Default,Default,Default,Default,Default,Default,Default,Default,Default,Default,Default,Default,Default,Default,Default,Default,Default,Default,Default,Default,Default,20,Default,Default,Default,Default,Default,Default,Throughput,Default,Default,"MonitoringJob(IterationCount=20, RunStrategy=Throughput)",,1,Workload,Result,8,566186945,131072,4319.66
ISOUtilsTest.PU1STB,ISO8583NetBenchmark,ISOUtilsTest,PU1STB,MonitoringJob,Default,Default,Default,Default,Default,Default,Default,Default,Default,Default,Default,Default,Default,Default,Default,Default,Default,Default,Default,Default,Default,Default,Default,Default,Default,Default,Default,Default,Default,20,Default,Default,Default,Default,Default,Default,Throughput,Default,Default,"MonitoringJob(IterationCount=20, RunStrategy=Throughput)",,1,Workload,Result,9,587665045,131072,4483.53
ISOUtilsTest.PU1STB,ISO8583NetBenchmark,ISOUtilsTest,PU1STB,MonitoringJob,Default,Default,Default,Default,Default,Default,Default,Default,Default,Default,Default,Default,Default,Default,Default,Default,Default,Default,Default,Default,Default,Default,Default,Default,Default,Default,Default,Default,Default,20,Default,Default,Default,Default,Default,Default,Throughput,Default,Default,"MonitoringJob(IterationCount=20, RunStrategy=Throughput)",,1,Workload,Result,10,565540845,131072,4314.73
ISOUtilsTest.PU1STB,ISO8583NetBenchmark,ISOUtilsTest,PU1STB,MonitoringJob,Default,Default,Default,Default,Default,Default,Default,Default,Default,Default,Default,Default,Default,Default,Default,Default,Default,Default,Default,Default,Default,Default,Default,Default,Default,Default,Default,Default,Default,20,Default,Default,Default,Default,Default,Default,Throughput,Default,Default,"MonitoringJob(IterationCount=20, RunStrategy=Throughput)",,1,Workload,Result,11,580083945,131072,4425.69
ISOUtilsTest.PU1STB,ISO8583NetBenchmark,ISOUtilsTest,PU1STB,MonitoringJob,Default,Default,Default,Default,Default,Default,Default,Default,Default,Default,Default,Default,Default,Default,Default,Default,Default,Default,Default,Default,Default,Default,Default,Default,Default,Default,Default,Default,Default,20,Default,Default,Default,Default,Default,Default,Throughput,Default,Default,"MonitoringJob(IterationCount=20, RunStrategy=Throughput)",,1,Workload,Result,12,587084745,131072,4479.1
ISOUtilsTest.PU1STB,ISO8583NetBenchmark,ISOUtilsTest,PU1STB,MonitoringJob,Default,Default,Default,Default,Default,Default,Default,Default,Default,Default,Default,Default,Default,Default,Default,Default,Default,Default,Default,Default,Default,Default,Default,Default,Default,Default,Default,Default,Default,20,Default,Default,Default,Default,Default,Default,Throughput,Default,Default,"MonitoringJob(IterationCount=20, RunStrategy=Throughput)",,1,Workload,Result,13,582598545,131072,4444.87
ISOUtilsTest.PU1STB,ISO8583NetBenchmark,ISOUtilsTest,PU1STB,MonitoringJob,Default,Default,Default,Default,Default,Default,Default,Default,Default,Default,Default,Default,Default,Default,Default,Default,Default,Default,Default,Default,Default,Default,Default,Default,Default,Default,Default,Default,Default,20,Default,Default,Default,Default,Default,Default,Throughput,Default,Default,"MonitoringJob(IterationCount=20, RunStrategy=Throughput)",,1,Workload,Result,14,579234445,131072,4419.21
ISOUtilsTest.PU1STB,ISO8583NetBenchmark,ISOUtilsTest,PU1STB,MonitoringJob,Default,Default,Default,Default,Default,Default,Default,Default,Default,Default,Default,Default,Default,Default,Default,Default,Default,Default,Default,Default,Default,Default,Default,Default,Default,Default,Default,Default,Default,20,Default,Default,Default,Default,Default,Default,Throughput,Default,Default,"MonitoringJob(IterationCount=20, RunStrategy=Throughput)",,1,Workload,Result,15,571349745,131072,4359.05
ISOUtilsTest.PU1STB,ISO8583NetBenchmark,ISOUtilsTest,PU1STB,MonitoringJob,Default,Default,Default,Default,Default,Default,Default,Default,Default,Default,Default,Default,Default,Default,Default,Default,Default,Default,Default,Default,Default,Default,Default,Default,Default,Default,Default,Default,Default,20,Default,Default,Default,Default,Default,Default,Throughput,Default,Default,"MonitoringJob(IterationCount=20, RunStrategy=Throughput)",,1,Workload,Result,16,594978545,131072,4539.33
ISOUtilsTest.PU1STB,ISO8583NetBenchmark,ISOUtilsTest,PU1STB,MonitoringJob,Default,Default,Default,Default,Default,Default,Default,Default,Default,Default,Default,Default,Default,Default,Default,Default,Default,Default,Default,Default,Default,Default,Default,Default,Default,Default,Default,Default,Default,20,Default,Default,Default,Default,Default,Default,Throughput,Default,Default,"MonitoringJob(IterationCount=20, RunStrategy=Throughput)",,1,Workload,Result,17,593209545,131072,4525.83
ISOUtilsTest.PU1STB,ISO8583NetBenchmark,ISOUtilsTest,PU1STB,MonitoringJob,Default,Default,Default,Default,Default,Default,Default,Default,Default,Default,Default,Default,Default,Default,Default,Default,Default,Default,Default,Default,Default,Default,Default,Default,Default,Default,Default,Default,Default,20,Default,Default,Default,Default,Default,Default,Throughput,Default,Default,"MonitoringJob(IterationCount=20, RunStrategy=Throughput)",,1,Workload,Result,18,577315245,131072,4404.57
ISOUtilsTest.PU1STB,ISO8583NetBenchmark,ISOUtilsTest,PU1STB,MonitoringJob,Default,Default,Default,Default,Default,Default,Default,Default,Default,Default,Default,Default,Default,Default,Default,Default,Default,Default,Default,Default,Default,Default,Default,Default,Default,Default,Default,Default,Default,20,Default,Default,Default,Default,Default,Default,Throughput,Default,Default,"MonitoringJob(IterationCount=20, RunStrategy=Throughput)",,1,Workload,Result,19,569226645,131072,4342.85
ISOUtilsTest.PU1STB,ISO8583NetBenchmark,ISOUtilsTest,PU1STB,MonitoringJob,Default,Default,Default,Default,Default,Default,Default,Default,Default,Default,Default,Default,Default,Default,Default,Default,Default,Default,Default,Default,Default,Default,Default,Default,Default,Default,Default,Default,Default,20,Default,Default,Default,Default,Default,Default,Throughput,Default,Default,"MonitoringJob(IterationCount=20, RunStrategy=Throughput)",,1,Workload,Result,20,577805345,131072,4408.3
ISOUtilsTest.PU2NDB,ISO8583NetBenchmark,ISOUtilsTest,PU2NDB,MonitoringJob,Default,Default,Default,Default,Default,Default,Default,Default,Default,Default,Default,Default,Default,Default,Default,Default,Default,Default,Default,Default,Default,Default,Default,Default,Default,Default,Default,Default,Default,20,Default,Default,Default,Default,Default,Default,Throughput,Default,Default,"MonitoringJob(IterationCount=20, RunStrategy=Throughput)",,1,Overhead,Jitting,1,340200,1,340200
ISOUtilsTest.PU2NDB,ISO8583NetBenchmark,ISOUtilsTest,PU2NDB,MonitoringJob,Default,Default,Default,Default,Default,Default,Default,Default,Default,Default,Default,Default,Default,Default,Default,Default,Default,Default,Default,Default,Default,Default,Default,Default,Default,Default,Default,Default,Default,20,Default,Default,Default,Default,Default,Default,Throughput,Default,Default,"MonitoringJob(IterationCount=20, RunStrategy=Throughput)",,1,Workload,Jitting,1,18084900,1,18084900
ISOUtilsTest.PU2NDB,ISO8583NetBenchmark,ISOUtilsTest,PU2NDB,MonitoringJob,Default,Default,Default,Default,Default,Default,Default,Default,Default,Default,Default,Default,Default,Default,Default,Default,Default,Default,Default,Default,Default,Default,Default,Default,Default,Default,Default,Default,Default,20,Default,Default,Default,Default,Default,Default,Throughput,Default,Default,"MonitoringJob(IterationCount=20, RunStrategy=Throughput)",,1,Overhead,Jitting,2,430300,16,26893.75
ISOUtilsTest.PU2NDB,ISO8583NetBenchmark,ISOUtilsTest,PU2NDB,MonitoringJob,Default,Default,Default,Default,Default,Default,Default,Default,Default,Default,Default,Default,Default,Default,Default,Default,Default,Default,Default,Default,Default,Default,Default,Default,Default,Default,Default,Default,Default,20,Default,Default,Default,Default,Default,Default,Throughput,Default,Default,"MonitoringJob(IterationCount=20, RunStrategy=Throughput)",,1,Workload,Jitting,2,440600,16,27537.5
ISOUtilsTest.PU2NDB,ISO8583NetBenchmark,ISOUtilsTest,PU2NDB,MonitoringJob,Default,Default,Default,Default,Default,Default,Default,Default,Default,Default,Default,Default,Default,Default,Default,Default,Default,Default,Default,Default,Default,Default,Default,Default,Default,Default,Default,Default,Default,20,Default,Default,Default,Default,Default,Default,Throughput,Default,Default,"MonitoringJob(IterationCount=20, RunStrategy=Throughput)",,1,Workload,Pilot,1,88900,16,5556.25
ISOUtilsTest.PU2NDB,ISO8583NetBenchmark,ISOUtilsTest,PU2NDB,MonitoringJob,Default,Default,Default,Default,Default,Default,Default,Default,Default,Default,Default,Default,Default,Default,Default,Default,Default,Default,Default,Default,Default,Default,Default,Default,Default,Default,Default,Default,Default,20,Default,Default,Default,Default,Default,Default,Throughput,Default,Default,"MonitoringJob(IterationCount=20, RunStrategy=Throughput)",,1,Workload,Pilot,2,224400,32,7012.5
ISOUtilsTest.PU2NDB,ISO8583NetBenchmark,ISOUtilsTest,PU2NDB,MonitoringJob,Default,Default,Default,Default,Default,Default,Default,Default,Default,Default,Default,Default,Default,Default,Default,Default,Default,Default,Default,Default,Default,Default,Default,Default,Default,Default,Default,Default,Default,20,Default,Default,Default,Default,Default,Default,Throughput,Default,Default,"MonitoringJob(IterationCount=20, RunStrategy=Throughput)",,1,Workload,Pilot,3,942600,64,14728.13
ISOUtilsTest.PU2NDB,ISO8583NetBenchmark,ISOUtilsTest,PU2NDB,MonitoringJob,Default,Default,Default,Default,Default,Default,Default,Default,Default,Default,Default,Default,Default,Default,Default,Default,Default,Default,Default,Default,Default,Default,Default,Default,Default,Default,Default,Default,Default,20,Default,Default,Default,Default,Default,Default,Throughput,Default,Default,"MonitoringJob(IterationCount=20, RunStrategy=Throughput)",,1,Workload,Pilot,4,1020100,128,7969.53
ISOUtilsTest.PU2NDB,ISO8583NetBenchmark,ISOUtilsTest,PU2NDB,MonitoringJob,Default,Default,Default,Default,Default,Default,Default,Default,Default,Default,Default,Default,Default,Default,Default,Default,Default,Default,Default,Default,Default,Default,Default,Default,Default,Default,Default,Default,Default,20,Default,Default,Default,Default,Default,Default,Throughput,Default,Default,"MonitoringJob(IterationCount=20, RunStrategy=Throughput)",,1,Workload,Pilot,5,2006000,256,7835.94
ISOUtilsTest.PU2NDB,ISO8583NetBenchmark,ISOUtilsTest,PU2NDB,MonitoringJob,Default,Default,Default,Default,Default,Default,Default,Default,Default,Default,Default,Default,Default,Default,Default,Default,Default,Default,Default,Default,Default,Default,Default,Default,Default,Default,Default,Default,Default,20,Default,Default,Default,Default,Default,Default,Throughput,Default,Default,"MonitoringJob(IterationCount=20, RunStrategy=Throughput)",,1,Workload,Pilot,6,2991800,512,5843.36
ISOUtilsTest.PU2NDB,ISO8583NetBenchmark,ISOUtilsTest,PU2NDB,MonitoringJob,Default,Default,Default,Default,Default,Default,Default,Default,Default,Default,Default,Default,Default,Default,Default,Default,Default,Default,Default,Default,Default,Default,Default,Default,Default,Default,Default,Default,Default,20,Default,Default,Default,Default,Default,Default,Throughput,Default,Default,"MonitoringJob(IterationCount=20, RunStrategy=Throughput)",,1,Workload,Pilot,7,5842500,1024,5705.57
ISOUtilsTest.PU2NDB,ISO8583NetBenchmark,ISOUtilsTest,PU2NDB,MonitoringJob,Default,Default,Default,Default,Default,Default,Default,Default,Default,Default,Default,Default,Default,Default,Default,Default,Default,Default,Default,Default,Default,Default,Default,Default,Default,Default,Default,Default,Default,20,Default,Default,Default,Default,Default,Default,Throughput,Default,Default,"MonitoringJob(IterationCount=20, RunStrategy=Throughput)",,1,Workload,Pilot,8,11240900,2048,5488.72
ISOUtilsTest.PU2NDB,ISO8583NetBenchmark,ISOUtilsTest,PU2NDB,MonitoringJob,Default,Default,Default,Default,Default,Default,Default,Default,Default,Default,Default,Default,Default,Default,Default,Default,Default,Default,Default,Default,Default,Default,Default,Default,Default,Default,Default,Default,Default,20,Default,Default,Default,Default,Default,Default,Throughput,Default,Default,"MonitoringJob(IterationCount=20, RunStrategy=Throughput)",,1,Workload,Pilot,9,24189400,4096,5905.62
ISOUtilsTest.PU2NDB,ISO8583NetBenchmark,ISOUtilsTest,PU2NDB,MonitoringJob,Default,Default,Default,Default,Default,Default,Default,Default,Default,Default,Default,Default,Default,Default,Default,Default,Default,Default,Default,Default,Default,Default,Default,Default,Default,Default,Default,Default,Default,20,Default,Default,Default,Default,Default,Default,Throughput,Default,Default,"MonitoringJob(IterationCount=20, RunStrategy=Throughput)",,1,Workload,Pilot,10,47888000,8192,5845.7
ISOUtilsTest.PU2NDB,ISO8583NetBenchmark,ISOUtilsTest,PU2NDB,MonitoringJob,Default,Default,Default,Default,Default,Default,Default,Default,Default,Default,Default,Default,Default,Default,Default,Default,Default,Default,Default,Default,Default,Default,Default,Default,Default,Default,Default,Default,Default,20,Default,Default,Default,Default,Default,Default,Throughput,Default,Default,"MonitoringJob(IterationCount=20, RunStrategy=Throughput)",,1,Workload,Pilot,11,90607400,16384,5530.24
ISOUtilsTest.PU2NDB,ISO8583NetBenchmark,ISOUtilsTest,PU2NDB,MonitoringJob,Default,Default,Default,Default,Default,Default,Default,Default,Default,Default,Default,Default,Default,Default,Default,Default,Default,Default,Default,Default,Default,Default,Default,Default,Default,Default,Default,Default,Default,20,Default,Default,Default,Default,Default,Default,Throughput,Default,Default,"MonitoringJob(IterationCount=20, RunStrategy=Throughput)",,1,Workload,Pilot,12,177557000,32768,5418.61
ISOUtilsTest.PU2NDB,ISO8583NetBenchmark,ISOUtilsTest,PU2NDB,MonitoringJob,Default,Default,Default,Default,Default,Default,Default,Default,Default,Default,Default,Default,Default,Default,Default,Default,Default,Default,Default,Default,Default,Default,Default,Default,Default,Default,Default,Default,Default,20,Default,Default,Default,Default,Default,Default,Throughput,Default,Default,"MonitoringJob(IterationCount=20, RunStrategy=Throughput)",,1,Workload,Pilot,13,351990500,65536,5370.95
ISOUtilsTest.PU2NDB,ISO8583NetBenchmark,ISOUtilsTest,PU2NDB,MonitoringJob,Default,Default,Default,Default,Default,Default,Default,Default,Default,Default,Default,Default,Default,Default,Default,Default,Default,Default,Default,Default,Default,Default,Default,Default,Default,Default,Default,Default,Default,20,Default,Default,Default,Default,Default,Default,Throughput,Default,Default,"MonitoringJob(IterationCount=20, RunStrategy=Throughput)",,1,Workload,Pilot,14,714433500,131072,5450.7
ISOUtilsTest.PU2NDB,ISO8583NetBenchmark,ISOUtilsTest,PU2NDB,MonitoringJob,Default,Default,Default,Default,Default,Default,Default,Default,Default,Default,Default,Default,Default,Default,Default,Default,Default,Default,Default,Default,Default,Default,Default,Default,Default,Default,Default,Default,Default,20,Default,Default,Default,Default,Default,Default,Throughput,Default,Default,"MonitoringJob(IterationCount=20, RunStrategy=Throughput)",,1,Overhead,Warmup,1,236600,131072,1.81
ISOUtilsTest.PU2NDB,ISO8583NetBenchmark,ISOUtilsTest,PU2NDB,MonitoringJob,Default,Default,Default,Default,Default,Default,Default,Default,Default,Default,Default,Default,Default,Default,Default,Default,Default,Default,Default,Default,Default,Default,Default,Default,Default,Default,Default,Default,Default,20,Default,Default,Default,Default,Default,Default,Throughput,Default,Default,"MonitoringJob(IterationCount=20, RunStrategy=Throughput)",,1,Overhead,Warmup,2,380900,131072,2.91
ISOUtilsTest.PU2NDB,ISO8583NetBenchmark,ISOUtilsTest,PU2NDB,MonitoringJob,Default,Default,Default,Default,Default,Default,Default,Default,Default,Default,Default,Default,Default,Default,Default,Default,Default,Default,Default,Default,Default,Default,Default,Default,Default,Default,Default,Default,Default,20,Default,Default,Default,Default,Default,Default,Throughput,Default,Default,"MonitoringJob(IterationCount=20, RunStrategy=Throughput)",,1,Overhead,Warmup,3,588600,131072,4.49
ISOUtilsTest.PU2NDB,ISO8583NetBenchmark,ISOUtilsTest,PU2NDB,MonitoringJob,Default,Default,Default,Default,Default,Default,Default,Default,Default,Default,Default,Default,Default,Default,Default,Default,Default,Default,Default,Default,Default,Default,Default,Default,Default,Default,Default,Default,Default,20,Default,Default,Default,Default,Default,Default,Throughput,Default,Default,"MonitoringJob(IterationCount=20, RunStrategy=Throughput)",,1,Overhead,Warmup,4,234300,131072,1.79
ISOUtilsTest.PU2NDB,ISO8583NetBenchmark,ISOUtilsTest,PU2NDB,MonitoringJob,Default,Default,Default,Default,Default,Default,Default,Default,Default,Default,Default,Default,Default,Default,Default,Default,Default,Default,Default,Default,Default,Default,Default,Default,Default,Default,Default,Default,Default,20,Default,Default,Default,Default,Default,Default,Throughput,Default,Default,"MonitoringJob(IterationCount=20, RunStrategy=Throughput)",,1,Overhead,Warmup,5,234300,131072,1.79
ISOUtilsTest.PU2NDB,ISO8583NetBenchmark,ISOUtilsTest,PU2NDB,MonitoringJob,Default,Default,Default,Default,Default,Default,Default,Default,Default,Default,Default,Default,Default,Default,Default,Default,Default,Default,Default,Default,Default,Default,Default,Default,Default,Default,Default,Default,Default,20,Default,Default,Default,Default,Default,Default,Throughput,Default,Default,"MonitoringJob(IterationCount=20, RunStrategy=Throughput)",,1,Overhead,Warmup,6,245800,131072,1.88
ISOUtilsTest.PU2NDB,ISO8583NetBenchmark,ISOUtilsTest,PU2NDB,MonitoringJob,Default,Default,Default,Default,Default,Default,Default,Default,Default,Default,Default,Default,Default,Default,Default,Default,Default,Default,Default,Default,Default,Default,Default,Default,Default,Default,Default,Default,Default,20,Default,Default,Default,Default,Default,Default,Throughput,Default,Default,"MonitoringJob(IterationCount=20, RunStrategy=Throughput)",,1,Overhead,Actual,1,284200,131072,2.17
ISOUtilsTest.PU2NDB,ISO8583NetBenchmark,ISOUtilsTest,PU2NDB,MonitoringJob,Default,Default,Default,Default,Default,Default,Default,Default,Default,Default,Default,Default,Default,Default,Default,Default,Default,Default,Default,Default,Default,Default,Default,Default,Default,Default,Default,Default,Default,20,Default,Default,Default,Default,Default,Default,Throughput,Default,Default,"MonitoringJob(IterationCount=20, RunStrategy=Throughput)",,1,Overhead,Actual,2,263400,131072,2.01
ISOUtilsTest.PU2NDB,ISO8583NetBenchmark,ISOUtilsTest,PU2NDB,MonitoringJob,Default,Default,Default,Default,Default,Default,Default,Default,Default,Default,Default,Default,Default,Default,Default,Default,Default,Default,Default,Default,Default,Default,Default,Default,Default,Default,Default,Default,Default,20,Default,Default,Default,Default,Default,Default,Throughput,Default,Default,"MonitoringJob(IterationCount=20, RunStrategy=Throughput)",,1,Overhead,Actual,3,474900,131072,3.62
ISOUtilsTest.PU2NDB,ISO8583NetBenchmark,ISOUtilsTest,PU2NDB,MonitoringJob,Default,Default,Default,Default,Default,Default,Default,Default,Default,Default,Default,Default,Default,Default,Default,Default,Default,Default,Default,Default,Default,Default,Default,Default,Default,Default,Default,Default,Default,20,Default,Default,Default,Default,Default,Default,Throughput,Default,Default,"MonitoringJob(IterationCount=20, RunStrategy=Throughput)",,1,Overhead,Actual,4,250800,131072,1.91
ISOUtilsTest.PU2NDB,ISO8583NetBenchmark,ISOUtilsTest,PU2NDB,MonitoringJob,Default,Default,Default,Default,Default,Default,Default,Default,Default,Default,Default,Default,Default,Default,Default,Default,Default,Default,Default,Default,Default,Default,Default,Default,Default,Default,Default,Default,Default,20,Default,Default,Default,Default,Default,Default,Throughput,Default,Default,"MonitoringJob(IterationCount=20, RunStrategy=Throughput)",,1,Overhead,Actual,5,280100,131072,2.14
ISOUtilsTest.PU2NDB,ISO8583NetBenchmark,ISOUtilsTest,PU2NDB,MonitoringJob,Default,Default,Default,Default,Default,Default,Default,Default,Default,Default,Default,Default,Default,Default,Default,Default,Default,Default,Default,Default,Default,Default,Default,Default,Default,Default,Default,Default,Default,20,Default,Default,Default,Default,Default,Default,Throughput,Default,Default,"MonitoringJob(IterationCount=20, RunStrategy=Throughput)",,1,Overhead,Actual,6,241700,131072,1.84
ISOUtilsTest.PU2NDB,ISO8583NetBenchmark,ISOUtilsTest,PU2NDB,MonitoringJob,Default,Default,Default,Default,Default,Default,Default,Default,Default,Default,Default,Default,Default,Default,Default,Default,Default,Default,Default,Default,Default,Default,Default,Default,Default,Default,Default,Default,Default,20,Default,Default,Default,Default,Default,Default,Throughput,Default,Default,"MonitoringJob(IterationCount=20, RunStrategy=Throughput)",,1,Overhead,Actual,7,249600,131072,1.9
ISOUtilsTest.PU2NDB,ISO8583NetBenchmark,ISOUtilsTest,PU2NDB,MonitoringJob,Default,Default,Default,Default,Default,Default,Default,Default,Default,Default,Default,Default,Default,Default,Default,Default,Default,Default,Default,Default,Default,Default,Default,Default,Default,Default,Default,Default,Default,20,Default,Default,Default,Default,Default,Default,Throughput,Default,Default,"MonitoringJob(IterationCount=20, RunStrategy=Throughput)",,1,Overhead,Actual,8,244800,131072,1.87
ISOUtilsTest.PU2NDB,ISO8583NetBenchmark,ISOUtilsTest,PU2NDB,MonitoringJob,Default,Default,Default,Default,Default,Default,Default,Default,Default,Default,Default,Default,Default,Default,Default,Default,Default,Default,Default,Default,Default,Default,Default,Default,Default,Default,Default,Default,Default,20,Default,Default,Default,Default,Default,Default,Throughput,Default,Default,"MonitoringJob(IterationCount=20, RunStrategy=Throughput)",,1,Overhead,Actual,9,258800,131072,1.97
ISOUtilsTest.PU2NDB,ISO8583NetBenchmark,ISOUtilsTest,PU2NDB,MonitoringJob,Default,Default,Default,Default,Default,Default,Default,Default,Default,Default,Default,Default,Default,Default,Default,Default,Default,Default,Default,Default,Default,Default,Default,Default,Default,Default,Default,Default,Default,20,Default,Default,Default,Default,Default,Default,Throughput,Default,Default,"MonitoringJob(IterationCount=20, RunStrategy=Throughput)",,1,Overhead,Actual,10,608600,131072,4.64
ISOUtilsTest.PU2NDB,ISO8583NetBenchmark,ISOUtilsTest,PU2NDB,MonitoringJob,Default,Default,Default,Default,Default,Default,Default,Default,Default,Default,Default,Default,Default,Default,Default,Default,Default,Default,Default,Default,Default,Default,Default,Default,Default,Default,Default,Default,Default,20,Default,Default,Default,Default,Default,Default,Throughput,Default,Default,"MonitoringJob(IterationCount=20, RunStrategy=Throughput)",,1,Overhead,Actual,11,269100,131072,2.05
ISOUtilsTest.PU2NDB,ISO8583NetBenchmark,ISOUtilsTest,PU2NDB,MonitoringJob,Default,Default,Default,Default,Default,Default,Default,Default,Default,Default,Default,Default,Default,Default,Default,Default,Default,Default,Default,Default,Default,Default,Default,Default,Default,Default,Default,Default,Default,20,Default,Default,Default,Default,Default,Default,Throughput,Default,Default,"MonitoringJob(IterationCount=20, RunStrategy=Throughput)",,1,Overhead,Actual,12,253900,131072,1.94
ISOUtilsTest.PU2NDB,ISO8583NetBenchmark,ISOUtilsTest,PU2NDB,MonitoringJob,Default,Default,Default,Default,Default,Default,Default,Default,Default,Default,Default,Default,Default,Default,Default,Default,Default,Default,Default,Default,Default,Default,Default,Default,Default,Default,Default,Default,Default,20,Default,Default,Default,Default,Default,Default,Throughput,Default,Default,"MonitoringJob(IterationCount=20, RunStrategy=Throughput)",,1,Overhead,Actual,13,277500,131072,2.12
ISOUtilsTest.PU2NDB,ISO8583NetBenchmark,ISOUtilsTest,PU2NDB,MonitoringJob,Default,Default,Default,Default,Default,Default,Default,Default,Default,Default,Default,Default,Default,Default,Default,Default,Default,Default,Default,Default,Default,Default,Default,Default,Default,Default,Default,Default,Default,20,Default,Default,Default,Default,Default,Default,Throughput,Default,Default,"MonitoringJob(IterationCount=20, RunStrategy=Throughput)",,1,Overhead,Actual,14,236800,131072,1.81
ISOUtilsTest.PU2NDB,ISO8583NetBenchmark,ISOUtilsTest,PU2NDB,MonitoringJob,Default,Default,Default,Default,Default,Default,Default,Default,Default,Default,Default,Default,Default,Default,Default,Default,Default,Default,Default,Default,Default,Default,Default,Default,Default,Default,Default,Default,Default,20,Default,Default,Default,Default,Default,Default,Throughput,Default,Default,"MonitoringJob(IterationCount=20, RunStrategy=Throughput)",,1,Overhead,Actual,15,240800,131072,1.84
ISOUtilsTest.PU2NDB,ISO8583NetBenchmark,ISOUtilsTest,PU2NDB,MonitoringJob,Default,Default,Default,Default,Default,Default,Default,Default,Default,Default,Default,Default,Default,Default,Default,Default,Default,Default,Default,Default,Default,Default,Default,Default,Default,Default,Default,Default,Default,20,Default,Default,Default,Default,Default,Default,Throughput,Default,Default,"MonitoringJob(IterationCount=20, RunStrategy=Throughput)",,1,Overhead,Actual,16,241700,131072,1.84
ISOUtilsTest.PU2NDB,ISO8583NetBenchmark,ISOUtilsTest,PU2NDB,MonitoringJob,Default,Default,Default,Default,Default,Default,Default,Default,Default,Default,Default,Default,Default,Default,Default,Default,Default,Default,Default,Default,Default,Default,Default,Default,Default,Default,Default,Default,Default,20,Default,Default,Default,Default,Default,Default,Throughput,Default,Default,"MonitoringJob(IterationCount=20, RunStrategy=Throughput)",,1,Overhead,Actual,17,460900,131072,3.52
ISOUtilsTest.PU2NDB,ISO8583NetBenchmark,ISOUtilsTest,PU2NDB,MonitoringJob,Default,Default,Default,Default,Default,Default,Default,Default,Default,Default,Default,Default,Default,Default,Default,Default,Default,Default,Default,Default,Default,Default,Default,Default,Default,Default,Default,Default,Default,20,Default,Default,Default,Default,Default,Default,Throughput,Default,Default,"MonitoringJob(IterationCount=20, RunStrategy=Throughput)",,1,Overhead,Actual,18,361400,131072,2.76
ISOUtilsTest.PU2NDB,ISO8583NetBenchmark,ISOUtilsTest,PU2NDB,MonitoringJob,Default,Default,Default,Default,Default,Default,Default,Default,Default,Default,Default,Default,Default,Default,Default,Default,Default,Default,Default,Default,Default,Default,Default,Default,Default,Default,Default,Default,Default,20,Default,Default,Default,Default,Default,Default,Throughput,Default,Default,"MonitoringJob(IterationCount=20, RunStrategy=Throughput)",,1,Overhead,Actual,19,241700,131072,1.84
ISOUtilsTest.PU2NDB,ISO8583NetBenchmark,ISOUtilsTest,PU2NDB,MonitoringJob,Default,Default,Default,Default,Default,Default,Default,Default,Default,Default,Default,Default,Default,Default,Default,Default,Default,Default,Default,Default,Default,Default,Default,Default,Default,Default,Default,Default,Default,20,Default,Default,Default,Default,Default,Default,Throughput,Default,Default,"MonitoringJob(IterationCount=20, RunStrategy=Throughput)",,1,Overhead,Actual,20,241600,131072,1.84
ISOUtilsTest.PU2NDB,ISO8583NetBenchmark,ISOUtilsTest,PU2NDB,MonitoringJob,Default,Default,Default,Default,Default,Default,Default,Default,Default,Default,Default,Default,Default,Default,Default,Default,Default,Default,Default,Default,Default,Default,Default,Default,Default,Default,Default,Default,Default,20,Default,Default,Default,Default,Default,Default,Throughput,Default,Default,"MonitoringJob(IterationCount=20, RunStrategy=Throughput)",,1,Workload,Warmup,1,706135400,131072,5387.39
ISOUtilsTest.PU2NDB,ISO8583NetBenchmark,ISOUtilsTest,PU2NDB,MonitoringJob,Default,Default,Default,Default,Default,Default,Default,Default,Default,Default,Default,Default,Default,Default,Default,Default,Default,Default,Default,Default,Default,Default,Default,Default,Default,Default,Default,Default,Default,20,Default,Default,Default,Default,Default,Default,Throughput,Default,Default,"MonitoringJob(IterationCount=20, RunStrategy=Throughput)",,1,Workload,Warmup,2,718197300,131072,5479.41
ISOUtilsTest.PU2NDB,ISO8583NetBenchmark,ISOUtilsTest,PU2NDB,MonitoringJob,Default,Default,Default,Default,Default,Default,Default,Default,Default,Default,Default,Default,Default,Default,Default,Default,Default,Default,Default,Default,Default,Default,Default,Default,Default,Default,Default,Default,Default,20,Default,Default,Default,Default,Default,Default,Throughput,Default,Default,"MonitoringJob(IterationCount=20, RunStrategy=Throughput)",,1,Workload,Warmup,3,697535800,131072,5321.78
ISOUtilsTest.PU2NDB,ISO8583NetBenchmark,ISOUtilsTest,PU2NDB,MonitoringJob,Default,Default,Default,Default,Default,Default,Default,Default,Default,Default,Default,Default,Default,Default,Default,Default,Default,Default,Default,Default,Default,Default,Default,Default,Default,Default,Default,Default,Default,20,Default,Default,Default,Default,Default,Default,Throughput,Default,Default,"MonitoringJob(IterationCount=20, RunStrategy=Throughput)",,1,Workload,Warmup,4,705369100,131072,5381.54
ISOUtilsTest.PU2NDB,ISO8583NetBenchmark,ISOUtilsTest,PU2NDB,MonitoringJob,Default,Default,Default,Default,Default,Default,Default,Default,Default,Default,Default,Default,Default,Default,Default,Default,Default,Default,Default,Default,Default,Default,Default,Default,Default,Default,Default,Default,Default,20,Default,Default,Default,Default,Default,Default,Throughput,Default,Default,"MonitoringJob(IterationCount=20, RunStrategy=Throughput)",,1,Workload,Warmup,5,716295000,131072,5464.9
ISOUtilsTest.PU2NDB,ISO8583NetBenchmark,ISOUtilsTest,PU2NDB,MonitoringJob,Default,Default,Default,Default,Default,Default,Default,Default,Default,Default,Default,Default,Default,Default,Default,Default,Default,Default,Default,Default,Default,Default,Default,Default,Default,Default,Default,Default,Default,20,Default,Default,Default,Default,Default,Default,Throughput,Default,Default,"MonitoringJob(IterationCount=20, RunStrategy=Throughput)",,1,Workload,Warmup,6,703286200,131072,5365.65
ISOUtilsTest.PU2NDB,ISO8583NetBenchmark,ISOUtilsTest,PU2NDB,MonitoringJob,Default,Default,Default,Default,Default,Default,Default,Default,Default,Default,Default,Default,Default,Default,Default,Default,Default,Default,Default,Default,Default,Default,Default,Default,Default,Default,Default,Default,Default,20,Default,Default,Default,Default,Default,Default,Throughput,Default,Default,"MonitoringJob(IterationCount=20, RunStrategy=Throughput)",,1,Workload,Actual,1,706919700,131072,5393.37
ISOUtilsTest.PU2NDB,ISO8583NetBenchmark,ISOUtilsTest,PU2NDB,MonitoringJob,Default,Default,Default,Default,Default,Default,Default,Default,Default,Default,Default,Default,Default,Default,Default,Default,Default,Default,Default,Default,Default,Default,Default,Default,Default,Default,Default,Default,Default,20,Default,Default,Default,Default,Default,Default,Throughput,Default,Default,"MonitoringJob(IterationCount=20, RunStrategy=Throughput)",,1,Workload,Actual,2,714938400,131072,5454.55
ISOUtilsTest.PU2NDB,ISO8583NetBenchmark,ISOUtilsTest,PU2NDB,MonitoringJob,Default,Default,Default,Default,Default,Default,Default,Default,Default,Default,Default,Default,Default,Default,Default,Default,Default,Default,Default,Default,Default,Default,Default,Default,Default,Default,Default,Default,Default,20,Default,Default,Default,Default,Default,Default,Throughput,Default,Default,"MonitoringJob(IterationCount=20, RunStrategy=Throughput)",,1,Workload,Actual,3,702761400,131072,5361.64
ISOUtilsTest.PU2NDB,ISO8583NetBenchmark,ISOUtilsTest,PU2NDB,MonitoringJob,Default,Default,Default,Default,Default,Default,Default,Default,Default,Default,Default,Default,Default,Default,Default,Default,Default,Default,Default,Default,Default,Default,Default,Default,Default,Default,Default,Default,Default,20,Default,Default,Default,Default,Default,Default,Throughput,Default,Default,"MonitoringJob(IterationCount=20, RunStrategy=Throughput)",,1,Workload,Actual,4,701607300,131072,5352.84
ISOUtilsTest.PU2NDB,ISO8583NetBenchmark,ISOUtilsTest,PU2NDB,MonitoringJob,Default,Default,Default,Default,Default,Default,Default,Default,Default,Default,Default,Default,Default,Default,Default,Default,Default,Default,Default,Default,Default,Default,Default,Default,Default,Default,Default,Default,Default,20,Default,Default,Default,Default,Default,Default,Throughput,Default,Default,"MonitoringJob(IterationCount=20, RunStrategy=Throughput)",,1,Workload,Actual,5,708922700,131072,5408.65
ISOUtilsTest.PU2NDB,ISO8583NetBenchmark,ISOUtilsTest,PU2NDB,MonitoringJob,Default,Default,Default,Default,Default,Default,Default,Default,Default,Default,Default,Default,Default,Default,Default,Default,Default,Default,Default,Default,Default,Default,Default,Default,Default,Default,Default,Default,Default,20,Default,Default,Default,Default,Default,Default,Throughput,Default,Default,"MonitoringJob(IterationCount=20, RunStrategy=Throughput)",,1,Workload,Actual,6,713592600,131072,5444.28
ISOUtilsTest.PU2NDB,ISO8583NetBenchmark,ISOUtilsTest,PU2NDB,MonitoringJob,Default,Default,Default,Default,Default,Default,Default,Default,Default,Default,Default,Default,Default,Default,Default,Default,Default,Default,Default,Default,Default,Default,Default,Default,Default,Default,Default,Default,Default,20,Default,Default,Default,Default,Default,Default,Throughput,Default,Default,"MonitoringJob(IterationCount=20, RunStrategy=Throughput)",,1,Workload,Actual,7,707304500,131072,5396.31
ISOUtilsTest.PU2NDB,ISO8583NetBenchmark,ISOUtilsTest,PU2NDB,MonitoringJob,Default,Default,Default,Default,Default,Default,Default,Default,Default,Default,Default,Default,Default,Default,Default,Default,Default,Default,Default,Default,Default,Default,Default,Default,Default,Default,Default,Default,Default,20,Default,Default,Default,Default,Default,Default,Throughput,Default,Default,"MonitoringJob(IterationCount=20, RunStrategy=Throughput)",,1,Workload,Actual,8,707972100,131072,5401.4
ISOUtilsTest.PU2NDB,ISO8583NetBenchmark,ISOUtilsTest,PU2NDB,MonitoringJob,Default,Default,Default,Default,Default,Default,Default,Default,Default,Default,Default,Default,Default,Default,Default,Default,Default,Default,Default,Default,Default,Default,Default,Default,Default,Default,Default,Default,Default,20,Default,Default,Default,Default,Default,Default,Throughput,Default,Default,"MonitoringJob(IterationCount=20, RunStrategy=Throughput)",,1,Workload,Actual,9,722151700,131072,5509.58
ISOUtilsTest.PU2NDB,ISO8583NetBenchmark,ISOUtilsTest,PU2NDB,MonitoringJob,Default,Default,Default,Default,Default,Default,Default,Default,Default,Default,Default,Default,Default,Default,Default,Default,Default,Default,Default,Default,Default,Default,Default,Default,Default,Default,Default,Default,Default,20,Default,Default,Default,Default,Default,Default,Throughput,Default,Default,"MonitoringJob(IterationCount=20, RunStrategy=Throughput)",,1,Workload,Actual,10,708686200,131072,5406.85
ISOUtilsTest.PU2NDB,ISO8583NetBenchmark,ISOUtilsTest,PU2NDB,MonitoringJob,Default,Default,Default,Default,Default,Default,Default,Default,Default,Default,Default,Default,Default,Default,Default,Default,Default,Default,Default,Default,Default,Default,Default,Default,Default,Default,Default,Default,Default,20,Default,Default,Default,Default,Default,Default,Throughput,Default,Default,"MonitoringJob(IterationCount=20, RunStrategy=Throughput)",,1,Workload,Actual,11,707580800,131072,5398.41
ISOUtilsTest.PU2NDB,ISO8583NetBenchmark,ISOUtilsTest,PU2NDB,MonitoringJob,Default,Default,Default,Default,Default,Default,Default,Default,Default,Default,Default,Default,Default,Default,Default,Default,Default,Default,Default,Default,Default,Default,Default,Default,Default,Default,Default,Default,Default,20,Default,Default,Default,Default,Default,Default,Throughput,Default,Default,"MonitoringJob(IterationCount=20, RunStrategy=Throughput)",,1,Workload,Actual,12,712731900,131072,5437.71
ISOUtilsTest.PU2NDB,ISO8583NetBenchmark,ISOUtilsTest,PU2NDB,MonitoringJob,Default,Default,Default,Default,Default,Default,Default,Default,Default,Default,Default,Default,Default,Default,Default,Default,Default,Default,Default,Default,Default,Default,Default,Default,Default,Default,Default,Default,Default,20,Default,Default,Default,Default,Default,Default,Throughput,Default,Default,"MonitoringJob(IterationCount=20, RunStrategy=Throughput)",,1,Workload,Actual,13,715232500,131072,5456.79
ISOUtilsTest.PU2NDB,ISO8583NetBenchmark,ISOUtilsTest,PU2NDB,MonitoringJob,Default,Default,Default,Default,Default,Default,Default,Default,Default,Default,Default,Default,Default,Default,Default,Default,Default,Default,Default,Default,Default,Default,Default,Default,Default,Default,Default,Default,Default,20,Default,Default,Default,Default,Default,Default,Throughput,Default,Default,"MonitoringJob(IterationCount=20, RunStrategy=Throughput)",,1,Workload,Actual,14,707821900,131072,5400.25
ISOUtilsTest.PU2NDB,ISO8583NetBenchmark,ISOUtilsTest,PU2NDB,MonitoringJob,Default,Default,Default,Default,Default,Default,Default,Default,Default,Default,Default,Default,Default,Default,Default,Default,Default,Default,Default,Default,Default,Default,Default,Default,Default,Default,Default,Default,Default,20,Default,Default,Default,Default,Default,Default,Throughput,Default,Default,"MonitoringJob(IterationCount=20, RunStrategy=Throughput)",,1,Workload,Actual,15,703997000,131072,5371.07
ISOUtilsTest.PU2NDB,ISO8583NetBenchmark,ISOUtilsTest,PU2NDB,MonitoringJob,Default,Default,Default,Default,Default,Default,Default,Default,Default,Default,Default,Default,Default,Default,Default,Default,Default,Default,Default,Default,Default,Default,Default,Default,Default,Default,Default,Default,Default,20,Default,Default,Default,Default,Default,Default,Throughput,Default,Default,"MonitoringJob(IterationCount=20, RunStrategy=Throughput)",,1,Workload,Actual,16,708518600,131072,5405.57
ISOUtilsTest.PU2NDB,ISO8583NetBenchmark,ISOUtilsTest,PU2NDB,MonitoringJob,Default,Default,Default,Default,Default,Default,Default,Default,Default,Default,Default,Default,Default,Default,Default,Default,Default,Default,Default,Default,Default,Default,Default,Default,Default,Default,Default,Default,Default,20,Default,Default,Default,Default,Default,Default,Throughput,Default,Default,"MonitoringJob(IterationCount=20, RunStrategy=Throughput)",,1,Workload,Actual,17,717051200,131072,5470.67
ISOUtilsTest.PU2NDB,ISO8583NetBenchmark,ISOUtilsTest,PU2NDB,MonitoringJob,Default,Default,Default,Default,Default,Default,Default,Default,Default,Default,Default,Default,Default,Default,Default,Default,Default,Default,Default,Default,Default,Default,Default,Default,Default,Default,Default,Default,Default,20,Default,Default,Default,Default,Default,Default,Throughput,Default,Default,"MonitoringJob(IterationCount=20, RunStrategy=Throughput)",,1,Workload,Actual,18,713299300,131072,5442.04
ISOUtilsTest.PU2NDB,ISO8583NetBenchmark,ISOUtilsTest,PU2NDB,MonitoringJob,Default,Default,Default,Default,Default,Default,Default,Default,Default,Default,Default,Default,Default,Default,Default,Default,Default,Default,Default,Default,Default,Default,Default,Default,Default,Default,Default,Default,Default,20,Default,Default,Default,Default,Default,Default,Throughput,Default,Default,"MonitoringJob(IterationCount=20, RunStrategy=Throughput)",,1,Workload,Actual,19,702149100,131072,5356.97
ISOUtilsTest.PU2NDB,ISO8583NetBenchmark,ISOUtilsTest,PU2NDB,MonitoringJob,Default,Default,Default,Default,Default,Default,Default,Default,Default,Default,Default,Default,Default,Default,Default,Default,Default,Default,Default,Default,Default,Default,Default,Default,Default,Default,Default,Default,Default,20,Default,Default,Default,Default,Default,Default,Throughput,Default,Default,"MonitoringJob(IterationCount=20, RunStrategy=Throughput)",,1,Workload,Actual,20,715893600,131072,5461.83
ISOUtilsTest.PU2NDB,ISO8583NetBenchmark,ISOUtilsTest,PU2NDB,MonitoringJob,Default,Default,Default,Default,Default,Default,Default,Default,Default,Default,Default,Default,Default,Default,Default,Default,Default,Default,Default,Default,Default,Default,Default,Default,Default,Default,Default,Default,Default,20,Default,Default,Default,Default,Default,Default,Throughput,Default,Default,"MonitoringJob(IterationCount=20, RunStrategy=Throughput)",,1,Workload,Result,1,706620585,131072,5391.09
ISOUtilsTest.PU2NDB,ISO8583NetBenchmark,ISOUtilsTest,PU2NDB,MonitoringJob,Default,Default,Default,Default,Default,Default,Default,Default,Default,Default,Default,Default,Default,Default,Default,Default,Default,Default,Default,Default,Default,Default,Default,Default,Default,Default,Default,Default,Default,20,Default,Default,Default,Default,Default,Default,Throughput,Default,Default,"MonitoringJob(IterationCount=20, RunStrategy=Throughput)",,1,Workload,Result,2,714639285,131072,5452.27
ISOUtilsTest.PU2NDB,ISO8583NetBenchmark,ISOUtilsTest,PU2NDB,MonitoringJob,Default,Default,Default,Default,Default,Default,Default,Default,Default,Default,Default,Default,Default,Default,Default,Default,Default,Default,Default,Default,Default,Default,Default,Default,Default,Default,Default,Default,Default,20,Default,Default,Default,Default,Default,Default,Throughput,Default,Default,"MonitoringJob(IterationCount=20, RunStrategy=Throughput)",,1,Workload,Result,3,702462285,131072,5359.36
ISOUtilsTest.PU2NDB,ISO8583NetBenchmark,ISOUtilsTest,PU2NDB,MonitoringJob,Default,Default,Default,Default,Default,Default,Default,Default,Default,Default,Default,Default,Default,Default,Default,Default,Default,Default,Default,Default,Default,Default,Default,Default,Default,Default,Default,Default,Default,20,Default,Default,Default,Default,Default,Default,Throughput,Default,Default,"MonitoringJob(IterationCount=20, RunStrategy=Throughput)",,1,Workload,Result,4,701308185,131072,5350.56
ISOUtilsTest.PU2NDB,ISO8583NetBenchmark,ISOUtilsTest,PU2NDB,MonitoringJob,Default,Default,Default,Default,Default,Default,Default,Default,Default,Default,Default,Default,Default,Default,Default,Default,Default,Default,Default,Default,Default,Default,Default,Default,Default,Default,Default,Default,Default,20,Default,Default,Default,Default,Default,Default,Throughput,Default,Default,"MonitoringJob(IterationCount=20, RunStrategy=Throughput)",,1,Workload,Result,5,708623585,131072,5406.37
ISOUtilsTest.PU2NDB,ISO8583NetBenchmark,ISOUtilsTest,PU2NDB,MonitoringJob,Default,Default,Default,Default,Default,Default,Default,Default,Default,Default,Default,Default,Default,Default,Default,Default,Default,Default,Default,Default,Default,Default,Default,Default,Default,Default,Default,Default,Default,20,Default,Default,Default,Default,Default,Default,Throughput,Default,Default,"MonitoringJob(IterationCount=20, RunStrategy=Throughput)",,1,Workload,Result,6,713293485,131072,5442
ISOUtilsTest.PU2NDB,ISO8583NetBenchmark,ISOUtilsTest,PU2NDB,MonitoringJob,Default,Default,Default,Default,Default,Default,Default,Default,Default,Default,Default,Default,Default,Default,Default,Default,Default,Default,Default,Default,Default,Default,Default,Default,Default,Default,Default,Default,Default,20,Default,Default,Default,Default,Default,Default,Throughput,Default,Default,"MonitoringJob(IterationCount=20, RunStrategy=Throughput)",,1,Workload,Result,7,707005385,131072,5394.02
ISOUtilsTest.PU2NDB,ISO8583NetBenchmark,ISOUtilsTest,PU2NDB,MonitoringJob,Default,Default,Default,Default,Default,Default,Default,Default,Default,Default,Default,Default,Default,Default,Default,Default,Default,Default,Default,Default,Default,Default,Default,Default,Default,Default,Default,Default,Default,20,Default,Default,Default,Default,Default,Default,Throughput,Default,Default,"MonitoringJob(IterationCount=20, RunStrategy=Throughput)",,1,Workload,Result,8,707672985,131072,5399.12
ISOUtilsTest.PU2NDB,ISO8583NetBenchmark,ISOUtilsTest,PU2NDB,MonitoringJob,Default,Default,Default,Default,Default,Default,Default,Default,Default,Default,Default,Default,Default,Default,Default,Default,Default,Default,Default,Default,Default,Default,Default,Default,Default,Default,Default,Default,Default,20,Default,Default,Default,Default,Default,Default,Throughput,Default,Default,"MonitoringJob(IterationCount=20, RunStrategy=Throughput)",,1,Workload,Result,9,721852585,131072,5507.3
ISOUtilsTest.PU2NDB,ISO8583NetBenchmark,ISOUtilsTest,PU2NDB,MonitoringJob,Default,Default,Default,Default,Default,Default,Default,Default,Default,Default,Default,Default,Default,Default,Default,Default,Default,Default,Default,Default,Default,Default,Default,Default,Default,Default,Default,Default,Default,20,Default,Default,Default,Default,Default,Default,Throughput,Default,Default,"MonitoringJob(IterationCount=20, RunStrategy=Throughput)",,1,Workload,Result,10,708387085,131072,5404.56
ISOUtilsTest.PU2NDB,ISO8583NetBenchmark,ISOUtilsTest,PU2NDB,MonitoringJob,Default,Default,Default,Default,Default,Default,Default,Default,Default,Default,Default,Default,Default,Default,Default,Default,Default,Default,Default,Default,Default,Default,Default,Default,Default,Default,Default,Default,Default,20,Default,Default,Default,Default,Default,Default,Throughput,Default,Default,"MonitoringJob(IterationCount=20, RunStrategy=Throughput)",,1,Workload,Result,11,707281685,131072,5396.13
ISOUtilsTest.PU2NDB,ISO8583NetBenchmark,ISOUtilsTest,PU2NDB,MonitoringJob,Default,Default,Default,Default,Default,Default,Default,Default,Default,Default,Default,Default,Default,Default,Default,Default,Default,Default,Default,Default,Default,Default,Default,Default,Default,Default,Default,Default,Default,20,Default,Default,Default,Default,Default,Default,Throughput,Default,Default,"MonitoringJob(IterationCount=20, RunStrategy=Throughput)",,1,Workload,Result,12,712432785,131072,5435.43
ISOUtilsTest.PU2NDB,ISO8583NetBenchmark,ISOUtilsTest,PU2NDB,MonitoringJob,Default,Default,Default,Default,Default,Default,Default,Default,Default,Default,Default,Default,Default,Default,Default,Default,Default,Default,Default,Default,Default,Default,Default,Default,Default,Default,Default,Default,Default,20,Default,Default,Default,Default,Default,Default,Throughput,Default,Default,"MonitoringJob(IterationCount=20, RunStrategy=Throughput)",,1,Workload,Result,13,714933385,131072,5454.51
ISOUtilsTest.PU2NDB,ISO8583NetBenchmark,ISOUtilsTest,PU2NDB,MonitoringJob,Default,Default,Default,Default,Default,Default,Default,Default,Default,Default,Default,Default,Default,Default,Default,Default,Default,Default,Default,Default,Default,Default,Default,Default,Default,Default,Default,Default,Default,20,Default,Default,Default,Default,Default,Default,Throughput,Default,Default,"MonitoringJob(IterationCount=20, RunStrategy=Throughput)",,1,Workload,Result,14,707522785,131072,5397.97
ISOUtilsTest.PU2NDB,ISO8583NetBenchmark,ISOUtilsTest,PU2NDB,MonitoringJob,Default,Default,Default,Default,Default,Default,Default,Default,Default,Default,Default,Default,Default,Default,Default,Default,Default,Default,Default,Default,Default,Default,Default,Default,Default,Default,Default,Default,Default,20,Default,Default,Default,Default,Default,Default,Throughput,Default,Default,"MonitoringJob(IterationCount=20, RunStrategy=Throughput)",,1,Workload,Result,15,703697885,131072,5368.79
ISOUtilsTest.PU2NDB,ISO8583NetBenchmark,ISOUtilsTest,PU2NDB,MonitoringJob,Default,Default,Default,Default,Default,Default,Default,Default,Default,Default,Default,Default,Default,Default,Default,Default,Default,Default,Default,Default,Default,Default,Default,Default,Default,Default,Default,Default,Default,20,Default,Default,Default,Default,Default,Default,Throughput,Default,Default,"MonitoringJob(IterationCount=20, RunStrategy=Throughput)",,1,Workload,Result,16,708219485,131072,5403.29
ISOUtilsTest.PU2NDB,ISO8583NetBenchmark,ISOUtilsTest,PU2NDB,MonitoringJob,Default,Default,Default,Default,Default,Default,Default,Default,Default,Default,Default,Default,Default,Default,Default,Default,Default,Default,Default,Default,Default,Default,Default,Default,Default,Default,Default,Default,Default,20,Default,Default,Default,Default,Default,Default,Throughput,Default,Default,"MonitoringJob(IterationCount=20, RunStrategy=Throughput)",,1,Workload,Result,17,716752085,131072,5468.38
ISOUtilsTest.PU2NDB,ISO8583NetBenchmark,ISOUtilsTest,PU2NDB,MonitoringJob,Default,Default,Default,Default,Default,Default,Default,Default,Default,Default,Default,Default,Default,Default,Default,Default,Default,Default,Default,Default,Default,Default,Default,Default,Default,Default,Default,Default,Default,20,Default,Default,Default,Default,Default,Default,Throughput,Default,Default,"MonitoringJob(IterationCount=20, RunStrategy=Throughput)",,1,Workload,Result,18,713000185,131072,5439.76
ISOUtilsTest.PU2NDB,ISO8583NetBenchmark,ISOUtilsTest,PU2NDB,MonitoringJob,Default,Default,Default,Default,Default,Default,Default,Default,Default,Default,Default,Default,Default,Default,Default,Default,Default,Default,Default,Default,Default,Default,Default,Default,Default,Default,Default,Default,Default,20,Default,Default,Default,Default,Default,Default,Throughput,Default,Default,"MonitoringJob(IterationCount=20, RunStrategy=Throughput)",,1,Workload,Result,19,701849985,131072,5354.69
ISOUtilsTest.PU2NDB,ISO8583NetBenchmark,ISOUtilsTest,PU2NDB,MonitoringJob,Default,Default,Default,Default,Default,Default,Default,Default,Default,Default,Default,Default,Default,Default,Default,Default,Default,Default,Default,Default,Default,Default,Default,Default,Default,Default,Default,Default,Default,20,Default,Default,Default,Default,Default,Default,Throughput,Default,Default,"MonitoringJob(IterationCount=20, RunStrategy=Throughput)",,1,Workload,Result,20,715594485,131072,5459.55
